Class Index,Title,Description
1,International leaders meet for climate summit,Delegates from several countries discuss a new agreement to reduce global emissions.
1,Peace talks resume after border dispute,Representatives return to negotiations in an effort to resolve the regional conflict peacefully.
1,Rescue teams deliver aid after major earthquake,Emergency workers distribute food and medical supplies to communities affected by the disaster.
1,United Nations approves humanitarian mission,The international organization will send observers and relief workers to support displaced families.
1,Government announces new regional cooperation plan,Neighboring nations agree to share resources and improve diplomatic relations.
1,Foreign ministers discuss security agreement,Officials say the proposed treaty could strengthen cooperation between allied countries.
1,Thousands attend national independence celebration,Crowds gather in the capital as officials mark the anniversary with ceremonies and concerts.
1,International court hears arguments in case,Lawyers from both sides present evidence during a hearing involving several governments.
2,Home team wins championship final,The club scored twice in the second half to secure a dramatic victory in front of its supporters.
2,Tennis champion advances to tournament semifinal,The top seed defeated a strong opponent in a close three set match.
2,Coach names squad for international competition,The manager selected experienced players and several young athletes for the upcoming event.
2,Olympic runners begin final preparation,National athletes are increasing their training before traveling to the summer games.
2,Basketball league announces new season schedule,Teams will begin competing next month in arenas across the country.
2,Football striker signs contract with leading club,The young forward joins the team after an impressive season with his former side.
2,Swimmer breaks national record in final race,The athlete finished first and improved the previous record by nearly one second.
2,Baseball team completes comeback victory,Three late runs helped the visitors win an exciting game against their rivals.
3,Technology company reports strong quarterly growth,The firm said revenue increased after demand for its cloud services rose worldwide.
3,Central bank keeps interest rates unchanged,Policy makers decided to maintain current rates while monitoring inflation and employment.
3,Investors welcome improved earnings report,Shares climbed after the retailer announced higher profits for the latest quarter.
3,Oil prices fall as supply forecasts improve,Energy markets declined after analysts predicted greater production during the coming months.
3,New factory expected to create thousands of jobs,The manufacturer will invest in a production facility after receiving support from local officials.
3,Airline announces expansion into new markets,The carrier plans to add routes and purchase aircraft as travel demand continues to recover.
3,Consumer spending rises during holiday season,Businesses reported strong sales as shoppers visited stores and online marketplaces.
3,Company completes merger with major competitor,The deal is expected to change competition across the financial services industry.
4,Researchers develop faster artificial intelligence processor,The new chip can perform complex calculations while using less energy than previous designs.
4,Scientists discover promising clean energy material,A research team found a material that could improve the efficiency of future solar panels.
4,Smartphone maker unveils improved camera system,The latest device includes advanced sensors and software for clearer photographs.
4,Software engineers release critical security update,The patch fixes several vulnerabilities that could affect users of the popular application.
4,Space agency launches telescope into orbit,The instrument will study distant galaxies and collect data about the early universe.
4,Robots learn to navigate crowded environments,Engineers trained an autonomous system to move safely around people and obstacles.
4,Medical researchers test new treatment method,Early results suggest the experimental therapy may help patients recover more quickly.
4,Computer scientists improve online privacy tools,The project introduces new methods for protecting personal information on the internet.
